[{"hide":false,"z_index":0,"name":"Spawn","control":true,"id":"squaremap-spawn_icon","markers":[{"tooltip_anchor":{"x":0,"z":-8},"size":{"x":16,"z":16},"anchor":{"x":8,"z":8},"tooltip":"Spawn","icon":"squaremap-spawn_icon","type":"icon","point":{"x":0,"z":0}}],"order":0,"timestamp":1757582202635},{"hide":false,"z_index":1,"name":"World Border","control":true,"id":"squaremap-worldborder","markers":[{"color":"#ff0000","tooltip":"World Border","type":"polyline","points":[{"x":-29999984,"z":-29999984},{"x":29999984,"z":-29999984},{"x":29999984,"z":29999984},{"x":-29999984,"z":29999984},{"x":-29999984,"z":-29999984}]}],"order":1,"timestamp":1757582202635}]