{"stats":{"minecraft:mined":{"minecraft:dead_bush":2},"minecraft:custom":{"minecraft:time_since_rest":119078,"minecraft:walk_one_cm":221527,"minecraft:leave_game":5,"minecraft:mob_kills":2,"minecraft:play_time":119078,"minecraft:damage_dealt":328,"minecraft:jump":151,"minecraft:time_since_death":119078,"minecraft:drop":3,"minecraft:sprint_one_cm":49192,"minecraft:open_chest":2,"minecraft:total_world_time":119078,"minecraft:fly_one_cm":184794,"minecraft:walk_on_water_one_cm":720,"minecraft:pot_flower":1,"minecraft:crouch_one_cm":2457,"minecraft:sneak_time":1300,"minecraft:climb_one_cm":5028},"minecraft:picked_up":{"minecraft:brown_wool":1,"minecraft:iron_sword":1,"minecraft:wheat_seeds":6,"minecraft:mutton":1},"minecraft:dropped":{"minecraft:wheat_seeds":2,"minecraft:iron_sword":1},"minecraft:killed":{"minecraft:zombie":1,"minecraft:sheep":1},"minecraft:used":{"minecraft:oak_trapdoor":3,"minecraft:grass_block":370,"minecraft:repeater":1,"minecraft:daylight_detector":65,"minecraft:yellow_bed":2,"minecraft:smoker":8,"minecraft:netherite_shovel":42,"minecraft:water_bucket":3,"minecraft:ladder":28,"minecraft:stone_bricks":480,"minecraft:glass_pane":305,"minecraft:furnace":15,"minecraft:torch":13,"minecraft:blast_furnace":6,"minecraft:brewing_stand":2,"minecraft:dark_oak_sign":1,"minecraft:yellow_carpet":92,"minecraft:lever":2,"minecraft:dark_oak_door":2,"minecraft:redstone":92,"minecraft:oak_log":362,"minecraft:stone":8,"minecraft:oak_stairs":4,"minecraft:waxed_copper_bulb":34,"minecraft:redstone_lamp":29,"minecraft:spruce_slab":6,"minecraft:mangrove_door":3,"minecraft:pale_oak_door":4,"minecraft:crafting_table":6,"minecraft:chest":48,"minecraft:spruce_trapdoor":7,"minecraft:flower_pot":1,"minecraft:armor_stand":3}},"DataVersion":4438}