{"stats":{"minecraft:dropped":{"minecraft:rotten_flesh":2,"minecraft:calcite":1,"minecraft:beetroot_seeds":3,"minecraft:leather_chestplate":1,"minecraft:stone_sword":1,"minecraft:leaf_litter":23,"minecraft:gravel":6,"minecraft:string":16,"minecraft:bone":1,"minecraft:bundle":1,"minecraft:arrow":1,"minecraft:wheat_seeds":28,"minecraft:iron_ingot":11,"minecraft:spruce_log":1,"minecraft:bread":1,"minecraft:spider_eye":1,"minecraft:stone_axe":2,"minecraft:feather":2,"minecraft:cooked_porkchop":1,"minecraft:shield":2,"minecraft:leather_helmet":3,"minecraft:oak_sapling":1},"minecraft:used":{"minecraft:stone_axe":67,"minecraft:iron_axe":82,"minecraft:baked_potato":6,"minecraft:iron_leggings":1,"minecraft:apple":4,"minecraft:yellow_bed":3,"minecraft:shield":33,"minecraft:iron_pickaxe":122,"minecraft:iron_sword":76,"minecraft:glow_berries":5,"minecraft:birch_planks":8,"minecraft:water_bucket":19,"minecraft:cooked_mutton":2,"minecraft:bell":2,"minecraft:furnace":3,"minecraft:cooked_porkchop":5,"minecraft:bread":6,"minecraft:torch":15,"minecraft:dirt":12,"minecraft:blast_furnace":5,"minecraft:iron_boots":1,"minecraft:obsidian":25,"minecraft:stone_sword":19,"minecraft:wooden_pickaxe":43,"minecraft:cobblestone":52,"minecraft:cooked_beef":5,"minecraft:carrot":12,"minecraft:bucket":21,"minecraft:crafting_table":7,"minecraft:chest":3,"minecraft:iron_helmet":1,"minecraft:iron_chestplate":1,"minecraft:oak_planks":12,"minecraft:oak_sapling":1,"minecraft:egg":4,"minecraft:stone_pickaxe":131},"minecraft:broken":{"minecraft:stone_pickaxe":1},"minecraft:killed_by":{"minecraft:player":1},"minecraft:killed":{"minecraft:zombie":13,"minecraft:skeleton":13,"minecraft:bee":1,"minecraft:cave_spider":3,"minecraft:chicken":5,"minecraft:enderman":1,"minecraft:sheep":1,"minecraft:pig":2,"minecraft:cow":2,"minecraft:spider":1},"minecraft:crafted":{"minecraft:stone_sword":1,"minecraft:cooked_chicken":5,"minecraft:stone_pickaxe":1,"minecraft:cooked_mutton":2,"minecraft:iron_chestplate":1,"minecraft:iron_boots":1,"minecraft:stick":36,"minecraft:wooden_pickaxe":1,"minecraft:cooked_beef":5,"minecraft:cooked_porkchop":9,"minecraft:iron_helmet":1,"minecraft:chest":2,"minecraft:air":0,"minecraft:bucket":2,"minecraft:furnace":1,"minecraft:iron_ingot":142,"minecraft:crafting_table":2,"minecraft:torch":52,"minecraft:baked_potato":15,"minecraft:shield":1,"minecraft:stone_axe":1,"minecraft:oak_planks":136,"minecraft:iron_pickaxe":1,"minecraft:iron_sword":2,"minecraft:iron_axe":2,"minecraft:iron_leggings":1},"minecraft:custom":{"minecraft:time_since_rest":36929,"minecraft:talked_to_villager":3,"minecraft:leave_game":1,"minecraft:damage_taken":1842,"minecraft:mob_kills":43,"minecraft:time_since_death":36903,"minecraft:interact_with_furnace":41,"minecraft:sleep_in_bed":6,"minecraft:swim_one_cm":77538,"minecraft:total_world_time":127114,"minecraft:crouch_one_cm":7387,"minecraft:deaths":1,"minecraft:climb_one_cm":16,"minecraft:player_kills":2,"minecraft:damage_blocked_by_shield":938,"minecraft:interact_with_crafting_table":39,"minecraft:walk_one_cm":266357,"minecraft:walk_under_water_one_cm":7194,"minecraft:damage_dealt":7970,"minecraft:play_time":127114,"minecraft:jump":1776,"minecraft:drop":56,"minecraft:interact_with_cartography_table":1,"minecraft:bell_ring":324,"minecraft:sprint_one_cm":378845,"minecraft:open_chest":55,"minecraft:fall_one_cm":48661,"minecraft:fly_one_cm":478836,"minecraft:walk_on_water_one_cm":27402,"minecraft:sneak_time":3021,"minecraft:interact_with_blast_furnace":36},"minecraft:mined":{"minecraft:beetroots":2,"minecraft:torch":7,"minecraft:spawner":3,"minecraft:granite":1,"minecraft:chest":1,"minecraft:vine":1,"minecraft:coal_ore":41,"minecraft:wheat":14,"minecraft:oak_planks":4,"minecraft:carrots":7,"minecraft:cobblestone":11,"minecraft:sugar_cane":3,"minecraft:small_amethyst_bud":1,"minecraft:gravel":2,"minecraft:short_grass":6,"minecraft:oak_leaves":2,"minecraft:furnace":2,"minecraft:crafting_table":6,"minecraft:leaf_litter":6,"minecraft:oxeye_daisy":1,"minecraft:tall_grass":4,"minecraft:tall_seagrass":1,"minecraft:oak_stairs":1,"minecraft:dirt":12,"minecraft:mossy_cobblestone":1,"minecraft:gold_ore":2,"minecraft:grass_block":1,"minecraft:cobweb":14,"minecraft:blast_furnace":6,"minecraft:wall_torch":8,"minecraft:yellow_bed":4,"minecraft:calcite":1,"minecraft:brown_stained_glass_pane":3,"minecraft:seagrass":9,"minecraft:potatoes":4,"minecraft:oak_log":35,"minecraft:bell":2,"minecraft:iron_ore":113,"minecraft:lapis_ore":2,"minecraft:stone":77},"minecraft:picked_up":{"minecraft:carrot":7,"minecraft:cobblestone":118,"minecraft:leather":2,"minecraft:bone":8,"minecraft:wooden_axe":1,"minecraft:iron_sword":1,"minecraft:granite":6,"minecraft:porkchop":4,"minecraft:stick":11,"minecraft:wooden_sword":1,"minecraft:chicken":5,"minecraft:bow":1,"minecraft:arrow":5,"minecraft:iron_ingot":11,"minecraft:kelp":2,"minecraft:raw_iron":153,"minecraft:cobbled_deepslate":6,"minecraft:raw_gold":2,"minecraft:stone_sword":2,"minecraft:stone_axe":2,"minecraft:mossy_cobblestone":1,"minecraft:dandelion":2,"minecraft:leather_helmet":2,"minecraft:mutton":2,"minecraft:chest":1,"minecraft:iron_chestplate":2,"minecraft:yellow_bed":4,"minecraft:dirt":13,"minecraft:rail":1,"minecraft:gravel":4,"minecraft:bell":2,"minecraft:torch":71,"minecraft:spruce_log":1,"minecraft:iron_boots":2,"minecraft:oak_stairs":1,"minecraft:leaf_litter":43,"minecraft:coal":177,"minecraft:oak_log":35,"minecraft:potato":4,"minecraft:oak_fence":3,"minecraft:birch_planks":20,"minecraft:furnace":3,"minecraft:wheat_seeds":44,"minecraft:shield":3,"minecraft:lapis_lazuli":13,"minecraft:iron_pickaxe":2,"minecraft:spider_eye":1,"minecraft:egg":5,"minecraft:iron_leggings":2,"minecraft:diorite":2,"minecraft:wooden_pickaxe":1,"minecraft:poppy":3,"minecraft:feather":5,"minecraft:white_wool":1,"minecraft:oak_planks":2,"minecraft:crafting_table":7,"minecraft:oak_sapling":2,"minecraft:blast_furnace":6,"minecraft:bundle":1,"minecraft:andesite":6,"minecraft:rotten_flesh":17,"minecraft:beef":5,"minecraft:beetroot_seeds":3,"minecraft:string":22,"minecraft:calcite":1,"minecraft:iron_helmet":2}},"DataVersion":4440}