{"stats":{"minecraft:used":{"minecraft:oak_trapdoor":3,"minecraft:grass_block":368,"minecraft:repeater":1,"minecraft:daylight_detector":65,"minecraft:yellow_bed":2,"minecraft:netherite_shovel":42,"minecraft:water_bucket":3,"minecraft:ladder":28,"minecraft:stone_bricks":480,"minecraft:glass_pane":305,"minecraft:torch":13,"minecraft:dark_oak_sign":1,"minecraft:yellow_carpet":89,"minecraft:lever":2,"minecraft:dark_oak_door":2,"minecraft:redstone":92,"minecraft:oak_log":362,"minecraft:stone":8,"minecraft:oak_stairs":4,"minecraft:waxed_copper_bulb":34,"minecraft:redstone_lamp":29,"minecraft:spruce_slab":6,"minecraft:mangrove_door":3,"minecraft:pale_oak_door":4,"minecraft:chest":14,"minecraft:spruce_trapdoor":7,"minecraft:flower_pot":1,"minecraft:armor_stand":3},"minecraft:dropped":{"minecraft:wheat_seeds":2,"minecraft:iron_sword":1},"minecraft:mined":{"minecraft:dead_bush":2},"minecraft:custom":{"minecraft:time_since_rest":94957,"minecraft:walk_one_cm":188216,"minecraft:leave_game":3,"minecraft:mob_kills":2,"minecraft:play_time":94957,"minecraft:damage_dealt":328,"minecraft:jump":141,"minecraft:time_since_death":94957,"minecraft:drop":3,"minecraft:sprint_one_cm":41009,"minecraft:open_chest":1,"minecraft:total_world_time":94957,"minecraft:fly_one_cm":183932,"minecraft:walk_on_water_one_cm":720,"minecraft:crouch_one_cm":2456,"minecraft:sneak_time":1263,"minecraft:climb_one_cm":4787},"minecraft:picked_up":{"minecraft:brown_wool":1,"minecraft:iron_sword":1,"minecraft:wheat_seeds":6,"minecraft:mutton":1},"minecraft:killed":{"minecraft:zombie":1,"minecraft:sheep":1}},"DataVersion":4438}