{"stats":{"minecraft:used":{"minecraft:oak_trapdoor":3,"minecraft:grass_block":673,"minecraft:repeater":1,"minecraft:daylight_detector":65,"minecraft:yellow_bed":2,"minecraft:smoker":8,"minecraft:netherite_shovel":91,"minecraft:water_bucket":3,"minecraft:wooden_axe":10,"minecraft:ladder":28,"minecraft:stone_bricks":480,"minecraft:glass_pane":305,"minecraft:furnace":15,"minecraft:torch":16,"minecraft:blast_furnace":6,"minecraft:brewing_stand":2,"minecraft:dark_oak_sign":1,"minecraft:yellow_carpet":92,"minecraft:lever":2,"minecraft:dark_oak_door":2,"minecraft:redstone":92,"minecraft:wooden_pickaxe":14,"minecraft:oak_log":362,"minecraft:stone":8,"minecraft:oak_stairs":4,"minecraft:waxed_copper_bulb":34,"minecraft:redstone_lamp":29,"minecraft:spruce_slab":6,"minecraft:mangrove_door":3,"minecraft:stone_brick_stairs":73,"minecraft:pale_oak_door":4,"minecraft:crafting_table":8,"minecraft:chest":48,"minecraft:spruce_trapdoor":7,"minecraft:polished_andesite_stairs":2,"minecraft:stone_pickaxe":78,"minecraft:flower_pot":1,"minecraft:armor_stand":3},"minecraft:crafted":{"minecraft:torch":4,"minecraft:stick":16,"minecraft:wooden_axe":1,"minecraft:wooden_pickaxe":1,"minecraft:oak_planks":20,"minecraft:stone_pickaxe":2,"minecraft:crafting_table":2,"minecraft:acacia_planks":36},"minecraft:picked_up":{"minecraft:coal":22,"minecraft:oak_log":5,"minecraft:stick":1,"minecraft:cobblestone":68,"minecraft:brown_wool":1,"minecraft:acacia_log":9,"minecraft:yellow_carpet":1,"minecraft:iron_sword":1,"minecraft:wheat_seeds":6,"minecraft:mutton":1,"minecraft:torch":1,"minecraft:oak_sapling":7},"minecraft:dropped":{"minecraft:tall_grass":1,"minecraft:wheat_seeds":2,"minecraft:chest":1,"minecraft:iron_sword":1,"minecraft:oak_sapling":3},"minecraft:killed":{"minecraft:zombie":1,"minecraft:sheep":1},"minecraft:custom":{"minecraft:interact_with_crafting_table":4,"minecraft:time_since_rest":137063,"minecraft:walk_one_cm":247323,"minecraft:leave_game":5,"minecraft:mob_kills":2,"minecraft:play_time":137063,"minecraft:damage_dealt":328,"minecraft:jump":177,"minecraft:time_since_death":137063,"minecraft:drop":8,"minecraft:sprint_one_cm":73772,"minecraft:open_chest":2,"minecraft:fall_one_cm":325,"minecraft:total_world_time":137063,"minecraft:fly_one_cm":195944,"minecraft:walk_on_water_one_cm":720,"minecraft:pot_flower":1,"minecraft:crouch_one_cm":2472,"minecraft:sneak_time":1583,"minecraft:climb_one_cm":7969},"minecraft:mined":{"minecraft:wall_torch":1,"minecraft:yellow_carpet":1,"minecraft:oak_log":5,"minecraft:coal_ore":22,"minecraft:dead_bush":2,"minecraft:acacia_log":10,"minecraft:stone":68}},"DataVersion":4438}