{"stats":{"minecraft:dropped":{"minecraft:rotten_flesh":6,"minecraft:cobblestone":20,"minecraft:brown_mushroom":1,"minecraft:stone_sword":1,"minecraft:leaf_litter":68,"minecraft:tuff":45,"minecraft:wooden_pickaxe":1,"minecraft:cobbled_deepslate":365,"minecraft:dirt":2,"minecraft:arrow":12,"minecraft:wheat_seeds":4,"minecraft:gunpowder":1,"minecraft:wooden_axe":1,"minecraft:stone_axe":1,"minecraft:iron_pickaxe":1,"minecraft:feather":11,"minecraft:stone_pickaxe":1,"minecraft:diorite":23,"minecraft:oak_sapling":3},"minecraft:used":{"minecraft:stone_axe":17,"minecraft:iron_axe":94,"minecraft:leaf_litter":6,"minecraft:cobbled_deepslate":56,"minecraft:apple":3,"minecraft:iron_pickaxe":217,"minecraft:iron_sword":161,"minecraft:water_bucket":10,"minecraft:wooden_axe":49,"minecraft:diamond_pickaxe":671,"minecraft:anvil":1,"minecraft:furnace":9,"minecraft:light_gray_wool":1,"minecraft:cooked_porkchop":4,"minecraft:granite":1,"minecraft:torch":46,"minecraft:dirt":25,"minecraft:blast_furnace":4,"minecraft:iron_boots":1,"minecraft:stone_sword":18,"minecraft:diorite":5,"minecraft:wooden_pickaxe":18,"minecraft:cooked_chicken":9,"minecraft:cobblestone":27,"minecraft:gray_wool":1,"minecraft:cooked_beef":13,"minecraft:bucket":14,"minecraft:crafting_table":10,"minecraft:oak_planks":5,"minecraft:egg":5,"minecraft:white_bed":1,"minecraft:stone_pickaxe":145},"minecraft:broken":{"minecraft:wooden_axe":1,"minecraft:stone_pickaxe":1},"minecraft:killed":{"minecraft:zombie":10,"minecraft:skeleton":11,"minecraft:zombie_villager":3,"minecraft:chicken":9,"minecraft:sheep":22,"minecraft:pig":16,"minecraft:cow":11,"minecraft:witch":1,"minecraft:spider":4},"minecraft:crafted":{"minecraft:stone_sword":1,"minecraft:wooden_axe":2,"minecraft:cooked_chicken":8,"minecraft:stone_pickaxe":2,"minecraft:cooked_mutton":37,"minecraft:iron_chestplate":1,"minecraft:iron_boots":1,"minecraft:anvil":1,"minecraft:stick":36,"minecraft:charcoal":6,"minecraft:wooden_pickaxe":1,"minecraft:cooked_beef":22,"minecraft:cooked_porkchop":24,"minecraft:iron_helmet":1,"minecraft:iron_block":3,"minecraft:diamond_pickaxe":1,"minecraft:air":0,"minecraft:bucket":2,"minecraft:furnace":2,"minecraft:iron_ingot":77,"minecraft:crafting_table":1,"minecraft:torch":52,"minecraft:stone_axe":1,"minecraft:oak_planks":212,"minecraft:iron_pickaxe":1,"minecraft:iron_sword":1,"minecraft:iron_axe":1,"minecraft:iron_leggings":1},"minecraft:custom":{"minecraft:time_since_rest":78986,"minecraft:leave_game":1,"minecraft:damage_taken":1681,"minecraft:mob_kills":88,"minecraft:time_since_death":124464,"minecraft:interact_with_furnace":53,"minecraft:sleep_in_bed":1,"minecraft:swim_one_cm":22431,"minecraft:total_world_time":124464,"minecraft:crouch_one_cm":69660,"minecraft:interact_with_crafting_table":17,"minecraft:walk_one_cm":178308,"minecraft:walk_under_water_one_cm":4525,"minecraft:damage_dealt":11454,"minecraft:play_time":124464,"minecraft:jump":2112,"minecraft:drop":46,"minecraft:sprint_one_cm":287907,"minecraft:open_chest":7,"minecraft:fall_one_cm":69269,"minecraft:fly_one_cm":333243,"minecraft:interact_with_anvil":1,"minecraft:walk_on_water_one_cm":28129,"minecraft:sneak_time":15393,"minecraft:interact_with_blast_furnace":13},"minecraft:picked_up":{"minecraft:dirt":76,"minecraft:cobblestone":163,"minecraft:white_bed":2,"minecraft:leather":11,"minecraft:light_gray_wool":1,"minecraft:bone":13,"minecraft:torch":20,"minecraft:tuff":45,"minecraft:brown_mushroom":1,"minecraft:leaf_litter":74,"minecraft:coal":286,"minecraft:oak_log":115,"minecraft:furnace":9,"minecraft:diamond":27,"minecraft:wheat_seeds":4,"minecraft:granite":1,"minecraft:egg":5,"minecraft:anvil":1,"minecraft:porkchop":36,"minecraft:diorite":28,"minecraft:stick":5,"minecraft:feather":11,"minecraft:white_wool":20,"minecraft:oak_planks":5,"minecraft:chicken":9,"minecraft:charcoal":3,"minecraft:cooked_porkchop":1,"minecraft:crafting_table":10,"minecraft:arrow":12,"minecraft:oak_sapling":3,"minecraft:blast_furnace":4,"minecraft:cooked_chicken":1,"minecraft:rotten_flesh":6,"minecraft:raw_iron":134,"minecraft:beef":22,"minecraft:cobbled_deepslate":452,"minecraft:apple":3,"minecraft:hay_block":8,"minecraft:string":6,"minecraft:raw_gold":17,"minecraft:obsidian":41,"minecraft:mutton":37,"minecraft:gunpowder":1,"minecraft:gray_wool":1},"minecraft:mined":{"minecraft:torch":6,"minecraft:spawner":1,"minecraft:granite":1,"minecraft:bush":1,"minecraft:coal_ore":124,"minecraft:diorite":26,"minecraft:oak_planks":5,"minecraft:cobblestone":15,"minecraft:hay_block":8,"minecraft:white_bed":2,"minecraft:gravel":3,"minecraft:short_grass":6,"minecraft:oak_leaves":19,"minecraft:furnace":9,"minecraft:crafting_table":10,"minecraft:leaf_litter":1,"minecraft:obsidian":50,"minecraft:tall_grass":4,"minecraft:anvil":1,"minecraft:dirt":1,"minecraft:gold_ore":4,"minecraft:birch_leaves":1,"minecraft:andesite":3,"minecraft:grass_block":2,"minecraft:cobweb":1,"minecraft:blast_furnace":4,"minecraft:deepslate_gold_ore":13,"minecraft:tuff":45,"minecraft:wall_torch":6,"minecraft:deepslate":441,"minecraft:deepslate_diamond_ore":27,"minecraft:deepslate_iron_ore":27,"minecraft:oak_log":115,"minecraft:iron_ore":107,"minecraft:stone":141}},"DataVersion":4440}