{"stats":{"minecraft:killed_by":{"minecraft:player":2,"minecraft:creeper":1,"minecraft:zombie":1},"minecraft:crafted":{"minecraft:stone_sword":1,"minecraft:furnace":1,"minecraft:iron_ingot":50,"minecraft:wooden_sword":1,"minecraft:stone_pickaxe":3,"minecraft:iron_chestplate":1,"minecraft:iron_boots":1,"minecraft:crafting_table":2,"minecraft:torch":92,"minecraft:stick":36,"minecraft:wooden_pickaxe":1,"minecraft:shield":1,"minecraft:stone_axe":1,"minecraft:oak_planks":68,"minecraft:cooked_porkchop":17,"minecraft:iron_helmet":1,"minecraft:chest":1,"minecraft:iron_pickaxe":1,"minecraft:iron_sword":1,"minecraft:air":0,"minecraft:iron_axe":1,"minecraft:iron_leggings":1},"minecraft:custom":{"minecraft:time_since_rest":17541,"minecraft:leave_game":2,"minecraft:damage_taken":3007,"minecraft:mob_kills":15,"minecraft:time_since_death":40276,"minecraft:interact_with_furnace":25,"minecraft:sleep_in_bed":5,"minecraft:total_world_time":127463,"minecraft:swim_one_cm":72817,"minecraft:crouch_one_cm":1201,"minecraft:deaths":6,"minecraft:player_kills":7,"minecraft:damage_blocked_by_shield":1172,"minecraft:interact_with_crafting_table":21,"minecraft:walk_one_cm":222499,"minecraft:walk_under_water_one_cm":13038,"minecraft:play_time":127463,"minecraft:damage_dealt":4561,"minecraft:jump":1536,"minecraft:drop":5,"minecraft:sprint_one_cm":215687,"minecraft:open_chest":28,"minecraft:fall_one_cm":40328,"minecraft:fly_one_cm":225205,"minecraft:walk_on_water_one_cm":19797,"minecraft:sneak_time":939,"minecraft:interact_with_blast_furnace":6},"minecraft:broken":{"minecraft:leather_helmet":1,"minecraft:stone_pickaxe":1},"minecraft:mined":{"minecraft:granite":2,"minecraft:smooth_basalt":3,"minecraft:coal_ore":53,"minecraft:lily_of_the_valley":1,"minecraft:oak_planks":25,"minecraft:cobblestone":33,"minecraft:gravel":2,"minecraft:amethyst_block":16,"minecraft:short_grass":10,"minecraft:oak_leaves":5,"minecraft:furnace":4,"minecraft:crafting_table":9,"minecraft:leaf_litter":2,"minecraft:rose_bush":2,"minecraft:rail":2,"minecraft:oak_stairs":1,"minecraft:dirt":3,"minecraft:mossy_cobblestone":2,"minecraft:grass_block":15,"minecraft:cobweb":4,"minecraft:wall_torch":1,"minecraft:deepslate":12,"minecraft:calcite":4,"minecraft:deepslate_iron_ore":6,"minecraft:oak_log":18,"minecraft:iron_ore":46,"minecraft:stone":95},"minecraft:dropped":{"minecraft:arrow":4,"minecraft:leaf_litter":39,"minecraft:stone_axe":1,"minecraft:iron_pickaxe":1,"minecraft:shield":1},"minecraft:picked_up":{"minecraft:carrot":1,"minecraft:cobblestone":148,"minecraft:leather":4,"minecraft:bone":15,"minecraft:rose_bush":2,"minecraft:stone_pickaxe":3,"minecraft:iron_sword":5,"minecraft:granite":2,"minecraft:porkchop":17,"minecraft:stick":13,"minecraft:wooden_sword":1,"minecraft:cooked_porkchop":2,"minecraft:bow":1,"minecraft:arrow":8,"minecraft:birch_boat":1,"minecraft:smooth_basalt":3,"minecraft:iron_axe":2,"minecraft:iron_ingot":67,"minecraft:raw_iron":50,"minecraft:cobbled_deepslate":12,"minecraft:stone_sword":3,"minecraft:stone_axe":6,"minecraft:amethyst_block":32,"minecraft:leather_helmet":3,"minecraft:mutton":1,"minecraft:iron_chestplate":3,"minecraft:dirt":34,"minecraft:rail":1,"minecraft:gravel":8,"minecraft:torch":1,"minecraft:iron_boots":4,"minecraft:leaf_litter":90,"minecraft:coal":61,"minecraft:oak_log":20,"minecraft:furnace":6,"minecraft:birch_planks":6,"minecraft:wheat_seeds":1,"minecraft:shield":5,"minecraft:iron_pickaxe":2,"minecraft:spider_eye":1,"minecraft:iron_leggings":4,"minecraft:wooden_pickaxe":2,"minecraft:white_wool":1,"minecraft:oak_planks":90,"minecraft:crafting_table":15,"minecraft:rotten_flesh":9,"minecraft:lily_of_the_valley":2,"minecraft:apple":1,"minecraft:string":19,"minecraft:calcite":4,"minecraft:iron_helmet":2},"minecraft:killed":{"minecraft:zombie":4,"minecraft:skeleton":1,"minecraft:sheep":1,"minecraft:pig":6,"minecraft:spider":2},"minecraft:used":{"minecraft:stone_axe":53,"minecraft:iron_axe":39,"minecraft:stone_sword":25,"minecraft:iron_leggings":3,"minecraft:shield":84,"minecraft:iron_pickaxe":147,"minecraft:wooden_pickaxe":18,"minecraft:gravel":2,"minecraft:iron_sword":35,"minecraft:cobblestone":106,"minecraft:rotten_flesh":2,"minecraft:carrot":1,"minecraft:crafting_table":10,"minecraft:chest":1,"minecraft:wooden_sword":11,"minecraft:iron_chestplate":3,"minecraft:oak_planks":88,"minecraft:furnace":4,"minecraft:cooked_porkchop":16,"minecraft:torch":90,"minecraft:stone_pickaxe":159,"minecraft:calcite":4,"minecraft:dirt":8,"minecraft:iron_boots":3}},"DataVersion":4440}