{"stats":{"minecraft:dropped":{"minecraft:rotten_flesh":1,"minecraft:wheat_seeds":3,"minecraft:torch":1,"minecraft:leaf_litter":26},"minecraft:used":{"minecraft:stone_axe":2,"minecraft:iron_axe":2,"minecraft:leaf_litter":12,"minecraft:cobbled_deepslate":2,"minecraft:string":1,"minecraft:apple":1,"minecraft:iron_pickaxe":100,"minecraft:andesite":4,"minecraft:iron_sword":39,"minecraft:rotten_flesh":7,"minecraft:birch_planks":9,"minecraft:wooden_axe":50,"minecraft:wooden_sword":78,"minecraft:furnace":2,"minecraft:cooked_porkchop":7,"minecraft:mutton":3,"minecraft:bread":1,"minecraft:torch":18,"minecraft:dirt":7,"minecraft:stone_sword":30,"minecraft:chicken":5,"minecraft:oxeye_daisy":2,"minecraft:wooden_pickaxe":83,"minecraft:cooked_chicken":5,"minecraft:cobblestone":71,"minecraft:crafting_table":11,"minecraft:birch_boat":1,"minecraft:poppy":4,"minecraft:oak_planks":25,"minecraft:porkchop":6,"minecraft:egg":2,"minecraft:stone_pickaxe":131,"minecraft:calcite":1},"minecraft:broken":{"minecraft:stone_pickaxe":1},"minecraft:killed_by":{"minecraft:player":6},"minecraft:killed":{"minecraft:zombie":2,"minecraft:chicken":5,"minecraft:sheep":1,"minecraft:pig":6},"minecraft:crafted":{"minecraft:stone_sword":1,"minecraft:furnace":1,"minecraft:birch_boat":1,"minecraft:wooden_axe":3,"minecraft:iron_ingot":40,"minecraft:wooden_sword":2,"minecraft:birch_planks":110,"minecraft:stone_pickaxe":1,"minecraft:iron_boots":1,"minecraft:iron_chestplate":1,"minecraft:crafting_table":7,"minecraft:torch":108,"minecraft:stick":60,"minecraft:wooden_pickaxe":2,"minecraft:shield":1,"minecraft:stone_axe":1,"minecraft:oak_planks":228,"minecraft:cooked_porkchop":2,"minecraft:iron_helmet":1,"minecraft:spruce_planks":18,"minecraft:iron_pickaxe":1,"minecraft:iron_sword":1,"minecraft:bow":1,"minecraft:iron_leggings":1},"minecraft:custom":{"minecraft:time_since_rest":24067,"minecraft:leave_game":1,"minecraft:damage_taken":2727,"minecraft:mob_kills":14,"minecraft:boat_one_cm":30040,"minecraft:time_since_death":23996,"minecraft:interact_with_furnace":36,"minecraft:total_world_time":131138,"minecraft:swim_one_cm":63799,"minecraft:crouch_one_cm":272,"minecraft:deaths":8,"minecraft:climb_one_cm":40,"minecraft:interact_with_crafting_table":45,"minecraft:walk_one_cm":282730,"minecraft:walk_under_water_one_cm":8791,"minecraft:play_time":131138,"minecraft:damage_dealt":2094,"minecraft:jump":1793,"minecraft:drop":6,"minecraft:sprint_one_cm":476064,"minecraft:open_chest":27,"minecraft:fall_one_cm":32217,"minecraft:fly_one_cm":203880,"minecraft:walk_on_water_one_cm":33126,"minecraft:sneak_time":1064,"minecraft:interact_with_blast_furnace":1},"minecraft:mined":{"minecraft:torch":5,"minecraft:spawner":1,"minecraft:granite":5,"minecraft:spruce_log":17,"minecraft:dandelion":21,"minecraft:coal_ore":69,"minecraft:diorite":2,"minecraft:cobblestone":21,"minecraft:gravel":4,"minecraft:short_grass":42,"minecraft:oak_leaves":14,"minecraft:furnace":2,"minecraft:crafting_table":11,"minecraft:birch_log":30,"minecraft:leaf_litter":39,"minecraft:oxeye_daisy":5,"minecraft:tall_grass":19,"minecraft:dirt":2,"minecraft:andesite":12,"minecraft:birch_leaves":6,"minecraft:grass_block":12,"minecraft:cobweb":9,"minecraft:wall_torch":2,"minecraft:deepslate":2,"minecraft:sand":5,"minecraft:kelp_plant":1,"minecraft:poppy":5,"minecraft:deepslate_iron_ore":11,"minecraft:cornflower":1,"minecraft:oak_log":69,"minecraft:iron_ore":57,"minecraft:stone":115},"minecraft:picked_up":{"minecraft:cobblestone":143,"minecraft:sugar_cane":2,"minecraft:bone":11,"minecraft:stone_pickaxe":1,"minecraft:iron_sword":6,"minecraft:granite":5,"minecraft:porkchop":11,"minecraft:stick":14,"minecraft:wooden_sword":2,"minecraft:chicken":5,"minecraft:cooked_porkchop":13,"minecraft:arrow":4,"minecraft:birch_boat":1,"minecraft:iron_axe":3,"minecraft:iron_ingot":80,"minecraft:cooked_chicken":2,"minecraft:kelp":2,"minecraft:raw_iron":70,"minecraft:cobbled_deepslate":3,"minecraft:stone_sword":2,"minecraft:dandelion":23,"minecraft:mutton":3,"minecraft:iron_chestplate":1,"minecraft:dirt":13,"minecraft:rail":1,"minecraft:gravel":4,"minecraft:torch":200,"minecraft:bread":1,"minecraft:spruce_log":17,"minecraft:iron_boots":2,"minecraft:oxeye_daisy":5,"minecraft:leaf_litter":124,"minecraft:coal":69,"minecraft:oak_log":66,"minecraft:oak_fence":1,"minecraft:sand":5,"minecraft:furnace":5,"minecraft:birch_planks":44,"minecraft:birch_log":30,"minecraft:wheat_seeds":10,"minecraft:shield":3,"minecraft:iron_pickaxe":3,"minecraft:egg":2,"minecraft:iron_leggings":3,"minecraft:diorite":2,"minecraft:poppy":4,"minecraft:white_wool":1,"minecraft:feather":3,"minecraft:oak_planks":72,"minecraft:crafting_table":15,"minecraft:oak_sapling":5,"minecraft:rotten_flesh":17,"minecraft:andesite":10,"minecraft:apple":3,"minecraft:string":10,"minecraft:calcite":3,"minecraft:cornflower":1,"minecraft:iron_helmet":2}},"DataVersion":4440}